descripcion,precio,titulo
Excelente Cachorros vacunado y desparacitado los mejores cuidados y criado con amor en casa con su King de pro plan,265.000,Bulldog Inglés Hembra
"PRECIO DE RESERVA,,VALOR DEL CACHORRO 320MIL PESOS,Cachorro de bulldog inglés disponible 60 días tu consulta no molesta 17 años criando esta raza no dudes en consultarnos",60.000,Cachorro De Bulldog Inglés
Cachorrita de bulldog ingles hembra 5 meses vacunada fca y Microchip.,180.000,Bulldog Ingles Hembra Fca
"Bulldog Ingles Exoticos,45 dias / desparacitado y vacunados.,Precio sin registro.,Estamos en punta alta buenos aires hacemos envios a todo el pais.,Padres a la vista.,1 hembra 2 machos.",150.000,Cachorros Bulldog Ingles Exoticos
Cachorrita de bulldog ingles hembrita esta desparasitada y vacunada con libreta sanitaria expedida por su veterinario y su certificado de FCA,190.000,Bulldog Ingles Hembrita Microchip
El vendedor no incluyó una descripción del producto,250.000,Bulldog Inglés Black Tri Merle
"Su nombre es Rocco es un Bulldog Inglés se ofrece para SERVICIO DE STUD cuenta con:,-Libreta sanitaria al DIA.,-Pedigree de FCA.,-Chip.,-Excelente estructura, de muy buen temperamento.,-Excelente genética y sanidad.,-Lo trasladamos a tu veterinario de confianza sin cargo, dependiendo la zona.,-Se solicita examen de bruselosis.,INSEMINACIÓN A CARGO DEL DUEÑO DE LA PERRA.,SU CONSULTA NO MOLESTA.",45.000,Bulldog Ingles Excelente Pedigree Servicio De Stud.
Cachorrita de bulldog ingles hembrita esta desparasitada y vacunada con libreta sanitaria expedida por su veterinario. Tiene microchip  y su certificado de FCA.  Más kit de alimento balanceado.,190.000,Bulldog Ingles Hembrita Vacunada (fca)microchip 10 Meses
"Bulldogs ingles (seña) criado en exelente ambiente familiar , EL PLANETA DEL CANICHE",280.000,Bulldogs Ingles
Cachorritas de bulldog ingles se entregan desparasitada y vacunada con libreta sanitaria expedida por su veterinaria más certificado de FCA.,220.000,Bulldog Ingles Hembras
Bulldog inglés disponibles con fca y microchip padre campeom extranjero,220.000,Bulldog Inglés Fca Y Microchip Macho Y Hembra
Cachorrita de bulldog ingles hembrita esta desparasitada y vacunada con libreta sanitaria expedida por su veterinaria más certificado de FCA. Con  microchip.,190.000,Bulldog Ingles Hembrita Con Microchip. Vacunada
Cachorrita de bulldog ingles hembrita esta desparasitada y vacunada con libreta sanitaria . Microchip. tiene 3 meses.  Con certificado de FCA  .,220.000,Bulldog Ingles Hembrita (fca)
Cachorrita de bulldog ingles hembrita esta desparasitada y vacunada con libreta sanitaria más kit de alimento balanceado y su certificado de FCA.,220.000,Bulldog Ingles Hembra Vacunada
Cachorrita de bulldog ingles hembrita tiene 3 meses esta desparasitada y vacunada con libreta sanitaria expedida por su veterinario.  Microchip  puesto y su certificado de FCA.,195.000,Bulldog Ingles Hembrita
El vendedor no incluyó una descripción del producto,245.000,Bulldog Inglés Link De Seña
"Hembra bulldog ingles,Fawn merle de ojos celestes,Papeles de kca,Exelente genetica",200,Hembra Bulldog Ingles
"Cachorras nacidas el 2/3 VACUNADAS desparacitadas y con papeles kannel club,Hermosas1125,Excelente genética 8788,Todas hembras96",180.000,Cachorro Bulldog Ingles
"Bulldog Inglés en servicio de stud de excelente linea de sangre como muestra su pedigre de fca. Es joven,compacto, mordido y de excelente carácter. . Aceptamos tarjetas de crédito y cuotas somos cuncuncachorros y amamos lo que hacemos. Tu consulta no molesta",30.000,Bulldog Inglés En Servicio De Stud
"PRECIO DE RESERVA,,VALOR DEL CACHORRO 320MIL PESOS,Cachorros bulldog inglés disponibles Machos y hembras Se entregan a partir del 20 de septiembre sangre de campeones",60.000,Cachorros Bulldog Inglés Ironside Bulldog
"Cachorra lista para entregar.,Papeles del Kennel Club Argentino y libreta de vacunas al dia.,Kit Royal Canin con bolsa de alimento de regalo.",190.000,Bulldog Ingles Cachorra Hembra Hermosa
Hembra bulldog inglés ojos celestes lista para entregar con vacunas y desparacitacion más kit de royal canin de regalo,180.000,Bulldog Inglés Hembra
Bulldog inglés hembras listas para entregar,180.000,Bulldog Inglés Hembras
Bulldog inglés disponibles hembra y macho listos para entregar con vacunas y desparacitacion más kit de royal canin de regalo pedigre de fca y microchip,210.000,Bulldog Inglés Disponibles Fca U Microchip
